"yt-simple-endpoint href","style-scope src","yt-simple-endpoint","yt-simple-endpoint href 2","title","yt-simple-endpoint 2","yt-simple-endpoint href 3","style-scope","style-scope 2","style-scope 3","yt-simple-endpoint 3","yt-simple-endpoint href 4"
"https://music.youtube.com/playlist?list=RDCLAK5uy_luGNC6K4kc6WqwtrBr4kVcxTJAmrlsVFY","https://lh3.googleusercontent.com/wEHQbIb4Br_EDX6Q0fdZVusL1DWRpINXPQthY8ZKOm0rXPl-frCi4LEqVYt7soS2EOzgDGFhfYdMqA=w226-h226-l90-rj","'00s Kollywood","https://music.youtube.com/playlist?list=RDCLAK5uy_luGNC6K4kc6WqwtrBr4kVcxTJAmrlsVFY","","","","","","","",""
"https://music.youtube.com/watch?v=Edwsf-8F3sI&list=RDAMVMEdwsf-8F3sI","https://i.ytimg.com/vi/Edwsf-8F3sI/sddefault.jpg?sqp=-oaymwEWCJADEOEBIAQqCghqEJQEGHgg6AJIWg&rs=AMzJL3lHnEocB7UIEWT_oB-7jdxQ5O-uaw","","","Feeling Good (Live from Madison Square Garden)","Michael Bublé","https://music.youtube.com/channel/UCJWJd67r42sByfpOe6S__zw","•","254M views","","",""
"https://music.youtube.com/browse/MPREb_t9gorTHH0bK","https://lh3.googleusercontent.com/3jKmZDeo7BVTmIXZ8tTaZzdzkykIPEe9w_LhbcQzC5HPNwygT9eNke7-X8nVSiKnyuP-bqZppyAUQrCRgw=w226-h226-l90-rj","Thalatherichavar (From ""Romancham"")","https://music.youtube.com/browse/MPREb_t9gorTHH0bK","","Sushin Shyam","https://music.youtube.com/channel/UCzpmF_8698JYBqh96PPCTfw","Single","•",",","Zia Ul Haq","https://music.youtube.com/channel/UCpcTSBGD0LQPU5h9bj0muJQ"
"https://music.youtube.com/playlist?list=PLVbiQOAmaSskk1QbLaKDRPI51PTGf6DX1","https://yt3.googleusercontent.com/CIwBkvOfbtNoTob98RK3YebZHRowzSzYrbXnrC4QMkadtXJCNyfpDG6hPaOsTgvQhuPDntP98-E=s576","My music bucket","https://music.youtube.com/playlist?list=PLVbiQOAmaSskk1QbLaKDRPI51PTGf6DX1","","Abhijith Abhi","https://music.youtube.com/channel/UCkx3T_1RFBNyDdFXOwfB9Gg","•","8.4K views","","",""
"https://music.youtube.com/watch?v=93iK4wNij8E&list=RDAMVM93iK4wNij8E","https://i.ytimg.com/vi/93iK4wNij8E/sddefault.jpg?sqp=-oaymwEWCJADEOEBIAQqCghqEJQEGHgg6AJIWg&rs=AMzJL3lFOpLMXJddXyoEweWS-JT8dWJFpQ","","","Mundhinam Video | Harris Jayaraj | Suriya","Prashanthini","https://music.youtube.com/channel/UChO-3Bu5ysHe3QlbhmH8EeA",",","&","•","Harris Jayaraj","https://music.youtube.com/channel/UCv6xCP3bn5Pdq0E4SJ4iEKg"
"https://music.youtube.com/playlist?list=RDCLAK5uy_k16Jz1rrCopbgWM2ajYI8KFyLHgbBVVMk","data:image/gif;base64,R0lGODlhAQABAIAAAAAAAP///yH5BAEAAAAALAAAAAABAAEAAAIBRAA7","Left Brain, Right Beat","https://music.youtube.com/playlist?list=RDCLAK5uy_k16Jz1rrCopbgWM2ajYI8KFyLHgbBVVMk","","","","","","","",""
"https://music.youtube.com/browse/MPREb_n13gvA1XfQr","data:image/gif;base64,R0lGODlhAQABAIAAAAAAAP///yH5BAEAAAAALAAAAAABAAEAAAIBRAA7","Ranam","https://music.youtube.com/browse/MPREb_n13gvA1XfQr","","Jakes Bejoy","https://music.youtube.com/channel/UCF35kALVhAo3kWiREPpkfmQ","EP","•","","",""
"https://music.youtube.com/watch?v=iJK2QiH6Mf4&list=RDAMVMiJK2QiH6Mf4","data:image/gif;base64,R0lGODlhAQABAIAAAAAAAP///yH5BAEAAAAALAAAAAABAAEAAAIBRAA7","","","Coolio and LV - Gangsta's Paradise [9-5-95]","What's for afters?","https://music.youtube.com/channel/UCzZFKfzvIv3enwhRAc90rSw","•","2.7M views","","",""
"https://music.youtube.com/playlist?list=PLXNM-mWhWTsEsLZYbLYLcWQDInGYCwBgC","data:image/gif;base64,R0lGODlhAQABAIAAAAAAAP///yH5BAEAAAAALAAAAAABAAEAAAIBRAA7","one day I'm gonna fly away.","https://music.youtube.com/playlist?list=PLXNM-mWhWTsEsLZYbLYLcWQDInGYCwBgC","","Jabri Mohammed","https://music.youtube.com/channel/UCEEqrv69Mu2jyhWdoSbP4ew","•","540 views","","",""
"https://music.youtube.com/playlist?list=PLcN9Ro3lXlL0MfGkD9fDHTeQW65XRHkrk","data:image/gif;base64,R0lGODlhAQABAIAAAAAAAP///yH5BAEAAAAALAAAAAABAAEAAAIBRAA7","Malayalam","https://music.youtube.com/playlist?list=PLcN9Ro3lXlL0MfGkD9fDHTeQW65XRHkrk","","Jyothi Lekshmi","https://music.youtube.com/channel/UChgn9v2fjs6xUbjtJEaVxxA","•","146K views","","",""
"https://music.youtube.com/watch?v=BC1IbonfGmA&list=RDAMVMBC1IbonfGmA","data:image/gif;base64,R0lGODlhAQABAIAAAAAAAP///yH5BAEAAAAALAAAAAABAAEAAAIBRAA7","","","One Day","Arash","https://music.youtube.com/channel/UCl4GU_wFWx3RnoZ8p6Z3lNw","Song","•","","",""
"https://music.youtube.com/watch?v=Fj6cr3FO2JI&list=RDAMVMFj6cr3FO2JI","data:image/gif;base64,R0lGODlhAQABAIAAAAAAAP///yH5BAEAAAAALAAAAAABAAEAAAIBRAA7","","","Six Days (Lyrics) - Tokyo Drift || ""it's only monday""","GOD LYRICS","https://music.youtube.com/channel/UCnD0OseWT-jVB3xX1TAo1jg","•","4.1M views","","",""
"https://music.youtube.com/playlist?list=PLEIx8A6pWWWDbHFWEg665Y31rLy2f7eDb","data:image/gif;base64,R0lGODlhAQABAIAAAAAAAP///yH5BAEAAAAALAAAAAABAAEAAAIBRAA7","Malayalam","https://music.youtube.com/playlist?list=PLEIx8A6pWWWDbHFWEg665Y31rLy2f7eDb","","Adil Sabudeen","https://music.youtube.com/channel/UCU1pndXpwIoyeRahta2XrSw","•","10K views","","",""
"https://music.youtube.com/watch?v=3K8dNctci1Y&list=RDAMVM3K8dNctci1Y","data:image/gif;base64,R0lGODlhAQABAIAAAAAAAP///yH5BAEAAAAALAAAAAABAAEAAAIBRAA7","","","Funk you !","Juna Serita","https://music.youtube.com/channel/UCyaH4R8gfhd4mlmwtNrRrjQ","•","19M views","","",""
"https://music.youtube.com/playlist?list=PL94DVw2XwF8b9T3rVz9JdS5aadzN3FBbv","data:image/gif;base64,R0lGODlhAQABAIAAAAAAAP///yH5BAEAAAAALAAAAAABAAEAAAIBRAA7","Whatever it takes playlist","https://music.youtube.com/playlist?list=PL94DVw2XwF8b9T3rVz9JdS5aadzN3FBbv","","Alexander Grim19","https://music.youtube.com/channel/UCSZSPRmEODXto4CMb9rWcUw","•","128K views","","",""
"https://music.youtube.com/playlist?list=RDCLAK5uy_nT-zkEpc2x7AVVP0XV9JvHSfkFsOtGMR8","data:image/gif;base64,R0lGODlhAQABAIAAAAAAAP///yH5BAEAAAAALAAAAAABAAEAAAIBRAA7","Mollywood Hitlist","https://music.youtube.com/playlist?list=RDCLAK5uy_nT-zkEpc2x7AVVP0XV9JvHSfkFsOtGMR8","","","","","","","",""
"https://music.youtube.com/watch?v=kO1gvHp52l0&list=RDAMVMkO1gvHp52l0","data:image/gif;base64,R0lGODlhAQABAIAAAAAAAP///yH5BAEAAAAALAAAAAABAAEAAAIBRAA7","","","Hours Relaxing Guitar Music, Meditation Music, Instrumental Music, Calming Music, Soft Music","Nature Sounds","https://music.youtube.com/channel/UCyfzggiXvfMdKlK7YdH_GIA","Song","•","","",""
"https://music.youtube.com/playlist?list=PL47DNBr6eGLlOrNJLfOhnEYb42pwDKba_","data:image/gif;base64,R0lGODlhAQABAIAAAAAAAP///yH5BAEAAAAALAAAAAABAAEAAAIBRAA7","Tamil songs","https://music.youtube.com/playlist?list=PL47DNBr6eGLlOrNJLfOhnEYb42pwDKba_","","JAY","https://music.youtube.com/channel/UC1O5dCC3id1oOejKE0aqE0w","•","73K views","","",""
"https://music.youtube.com/browse/MPREb_1uxmXmkA21L","data:image/gif;base64,R0lGODlhAQABAIAAAAAAAP///yH5BAEAAAAALAAAAAABAAEAAAIBRAA7","Jadu Hai Nasha Hai - Progressive Remix","https://music.youtube.com/browse/MPREb_1uxmXmkA21L","","Debb Official","https://music.youtube.com/channel/UCKJsa5mBTRmsvB6_PGdPcgQ","Single","•","&","Shreya Ghoshal","https://music.youtube.com/channel/UCrC-7fsdTCYeaRBpwA6j-Eg"
"https://music.youtube.com/watch?v=r7Rn4ryE_w8&list=RDAMVMr7Rn4ryE_w8","data:image/gif;base64,R0lGODlhAQABAIAAAAAAAP///yH5BAEAAAAALAAAAAABAAEAAAIBRAA7","","","Sunflower (Spider-Man: Into the Spider-Verse)","Post Malone","https://music.youtube.com/channel/UCyD3XWRK9ko-izf2nBSFitw","Song","•","&","Swae Lee","https://music.youtube.com/channel/UCOrhSH-BVuBUAKk_rWRJFqQ"